,CAD_EVNT_ID,CREATE_DATE,INCIDENT_DATE,INCIDENT_TIME,NYPD_PCT_CD,BORO_NM,PATRL_BORO_NM,GEO_CD_X,GEO_CD_Y,RADIO_CODE,TYP_DESC,CIP_JOBS,ADD_TS,DISP_TS,ARRIVD_TS,CLOSNG_TS,Latitude,Longitude
53435,74296682,01/16/2021,01/16/2021,10:45:50,110,QUEENS,PATROL BORO QUEENS NORTH,1014231,210372,54S1,AMBULANCE CASE: SERIOUS/INSIDE,Non CIP,01/16/2021 10:45:50 AM,01/16/2021 10:49:07 AM,,01/16/2021 11:24:02 AM,40.744057,-73.891805
8350,74024199,01/03/2021,01/03/2021,12:40:33,106,QUEENS,PATROL BORO QUEENS SOUTH,1030546,188827,75F,VISIBILITY PATROL: FAMILY/HOME VISIT,Non CIP,01/03/2021 12:40:33 PM,01/03/2021 12:40:33 PM,01/03/2021 12:40:33 PM,01/03/2021 12:48:57 PM,40.68485,-73.833075
13614,74056407,01/05/2021,01/05/2021,01:44:25,111,QUEENS,PATROL BORO QUEENS NORTH,1061151,216616,75D,VISIBILITY PATROL: DIRECTED,Non CIP,01/05/2021 01:44:25 AM,01/05/2021 01:44:25 AM,01/05/2021 01:44:25 AM,01/05/2021 02:27:45 AM,40.760911,-73.722408
54796,74305055,01/16/2021,01/16/2021,18:56:53,107,QUEENS,PATROL BORO QUEENS SOUTH,1035295,196299,75D,VISIBILITY PATROL: DIRECTED,Non CIP,01/16/2021 06:56:53 PM,01/16/2021 06:56:56 PM,,01/16/2021 07:16:41 PM,40.705333,-73.815895
18434,74084902,01/06/2021,01/06/2021,11:36:13,102,QUEENS,PATROL BORO QUEENS SOUTH,1034948,195244,75S,STATION INSPECTION BY TRANSIT BUREAU PERSONNEL,Non CIP,01/06/2021 11:36:13 AM,01/06/2021 11:36:13 AM,01/06/2021 11:36:13 AM,01/06/2021 11:38:43 AM,40.702439,-73.817155
90975,74530858,01/27/2021,01/27/2021,13:05:22,104,QUEENS,PATROL BORO QUEENS NORTH,1011739,194259,10K2,INVESTIGATE/POSSIBLE CRIME: KNIFE/OUTSIDE,Non CIP,01/27/2021 01:06:51 PM,01/27/2021 01:08:11 PM,,01/27/2021 01:27:01 PM,40.699838,-73.900864
62382,74352657,01/19/2021,01/19/2021,02:43:48,105,QUEENS,PATROL BORO QUEENS SOUTH,1059786,188107,54S1,AMBULANCE CASE: SERIOUS/INSIDE,Non CIP,01/19/2021 02:43:48 AM,01/19/2021 03:02:07 AM,,01/19/2021 03:40:15 AM,40.682673,-73.727655
61875,74349564,01/18/2021,01/18/2021,22:29:58,103,QUEENS,PATROL BORO QUEENS SOUTH,1038917,190884,10H1,INVESTIGATE/POSSIBLE CRIME: CALLS FOR HELP/INSIDE,Non CIP,01/18/2021 10:29:59 PM,01/18/2021 10:30:40 PM,01/18/2021 10:36:00 PM,01/18/2021 10:37:44 PM,40.690449,-73.802876
12518,74049635,01/04/2021,01/04/2021,18:04:10,104,QUEENS,PATROL BORO QUEENS NORTH,1012555,194980,54E1,AMBULANCE CASE: EDP/INSIDE,Non CIP,01/04/2021 06:04:10 PM,01/04/2021 06:07:40 PM,01/04/2021 06:10:06 PM,01/04/2021 08:09:56 PM,40.701815,-73.897918
98086,74575673,01/29/2021,01/29/2021,13:43:31,105,QUEENS,PATROL BORO QUEENS SOUTH,1063272,211038,68Q1,SEE COMPLAINANT: OTHER/INSIDE,Non CIP,01/29/2021 01:43:31 PM,01/29/2021 01:43:33 PM,,01/29/2021 02:12:22 PM,40.745582,-73.714817
97655,74572816,01/29/2021,01/29/2021,10:48:59,100,QUEENS,PATROL BORO QUEENS SOUTH,1037018,152579,31R,BURGLARY (IN PROGRESS): RESIDENCE,Critical,01/29/2021 10:48:59 AM,01/29/2021 10:49:57 AM,01/29/2021 10:53:20 AM,01/29/2021 10:59:47 AM,40.585321,-73.810023
31791,74164528,01/10/2021,01/10/2021,02:50:30,115,QUEENS,PATROL BORO QUEENS NORTH,1024342,214216,75D,VISIBILITY PATROL: DIRECTED,Non CIP,01/10/2021 02:50:30 AM,01/10/2021 02:50:32 AM,01/10/2021 02:51:02 AM,01/10/2021 03:36:59 AM,40.754567,-73.855293
23399,74114383,01/07/2021,01/07/2021,18:32:33,103,QUEENS,PATROL BORO QUEENS SOUTH,1037733,196344,68Q2,SEE COMPLAINANT: OTHER/OUTSIDE,Non CIP,01/07/2021 06:32:34 PM,01/07/2021 06:33:44 PM,01/07/2021 06:47:49 PM,01/07/2021 07:00:02 PM,40.705442,-73.807102
17734,74080578,01/06/2021,01/06/2021,06:43:40,112,QUEENS,PATROL BORO QUEENS NORTH,1026606,203394,10V2,INVESTIGATE/POSSIBLE CRIME: SUSP VEHICLE/OUTSIDE,Non CIP,01/06/2021 06:43:40 AM,01/06/2021 06:43:40 AM,01/06/2021 06:43:40 AM,01/06/2021 06:48:40 AM,40.724853,-73.847189
29283,74149017,01/09/2021,01/09/2021,10:44:13,109,QUEENS,PATROL BORO QUEENS NORTH,1027001,226672,54E1,AMBULANCE CASE: EDP/INSIDE,Non CIP,01/09/2021 10:44:13 AM,01/09/2021 10:45:07 AM,,01/09/2021 12:20:57 PM,40.788743,-73.845616
49983,74275713,01/15/2021,01/15/2021,11:45:43,108,QUEENS,PATROL BORO QUEENS NORTH,1011387,212017,29H1,OTHER CRIMES (PAST): HARASSMENT/INSIDE,Non CIP,01/15/2021 11:45:43 AM,01/15/2021 11:46:18 AM,01/15/2021 01:32:52 PM,01/15/2021 01:41:23 PM,40.748581,-73.902062
75873,74436963,01/22/2021,01/22/2021,23:40:34,112,QUEENS,PATROL BORO QUEENS NORTH,1024425,207448,54E2,AMBULANCE CASE: EDP/OUTSIDE,Non CIP,01/22/2021 11:40:34 PM,01/22/2021 11:45:26 PM,01/22/2021 11:53:16 PM,01/23/2021 12:04:47 AM,40.73599,-73.855034
72120,74413198,01/21/2021,01/21/2021,20:54:48,103,QUEENS,PATROL BORO QUEENS SOUTH,1040139,196376,54U2,AMBULANCE CASE: UNCONSCIOUS/OUTSIDE,Non CIP,01/21/2021 08:54:48 PM,01/21/2021 09:00:34 PM,01/21/2021 09:14:12 PM,01/21/2021 11:30:31 PM,40.705515,-73.798424
54824,74305234,01/16/2021,01/16/2021,19:07:05,114,QUEENS,PATROL BORO QUEENS NORTH,999530,214433,10P2,INVESTIGATE/POSSIBLE CRIME: SUSP PERSON/OUTSIDE (PROWLER),Non CIP,01/16/2021 07:07:05 PM,01/16/2021 07:07:05 PM,01/16/2021 07:07:05 PM,01/16/2021 07:23:15 PM,40.755241,-73.944849
105384,74620811,01/31/2021,01/31/2021,15:29:44,106,QUEENS,PATROL BORO QUEENS SOUTH,1035379,186029,54S1,AMBULANCE CASE: SERIOUS/INSIDE,Non CIP,01/31/2021 03:29:44 PM,01/31/2021 03:42:56 PM,,01/31/2021 04:11:16 PM,40.677144,-73.81567
71883,74411875,01/21/2021,01/21/2021,19:40:31,114,QUEENS,PATROL BORO QUEENS NORTH,1008586,215402,54E1,AMBULANCE CASE: EDP/INSIDE,Non CIP,01/21/2021 07:40:31 PM,01/21/2021 07:44:09 PM,01/21/2021 07:48:25 PM,01/21/2021 08:07:58 PM,40.75788,-73.912159
18044,74082495,01/06/2021,01/06/2021,09:14:47,115,QUEENS,PATROL BORO QUEENS NORTH,1023851,215058,10Y3,INVESTIGATE/POSSIBLE CRIME: SERIOUS/OTHER,Non CIP,01/06/2021 09:14:48 AM,01/06/2021 09:18:01 AM,01/06/2021 10:55:42 AM,01/06/2021 11:13:39 AM,40.756881,-73.85706
106421,74627165,01/31/2021,01/31/2021,21:15:39,109,QUEENS,PATROL BORO QUEENS NORTH,1032554,217548,52D1,DISPUTE: INSIDE,Non CIP,01/31/2021 09:15:39 PM,01/31/2021 09:33:00 PM,01/31/2021 11:21:03 PM,01/31/2021 11:21:08 PM,40.763672,-73.825629
889,73979622,01/01/2021,01/01/2021,05:21:02,104,QUEENS,PATROL BORO QUEENS NORTH,1013419,205407,68Q2,SEE COMPLAINANT: OTHER/OUTSIDE,Non CIP,01/01/2021 05:21:02 AM,01/01/2021 05:22:22 AM,01/01/2021 06:02:29 AM,01/01/2021 06:03:05 AM,40.730432,-73.894757
82811,74479029,01/25/2021,01/25/2021,00:10:01,110,QUEENS,PATROL BORO QUEENS NORTH,1024930,208886,32Q1,LARCENY (IN PROGRESS): OTHER/INSIDE,Serious,01/25/2021 12:10:01 AM,01/25/2021 12:11:12 AM,01/25/2021 12:18:48 AM,01/25/2021 12:23:10 AM,40.739935,-73.853203
27030,74136147,01/08/2021,01/08/2021,18:48:10,107,QUEENS,PATROL BORO QUEENS SOUTH,1037342,201707,54S1,AMBULANCE CASE: SERIOUS/INSIDE,Non CIP,01/08/2021 06:48:10 PM,01/08/2021 06:52:28 PM,,01/08/2021 07:20:41 PM,40.720165,-73.80847
8660,74025862,01/03/2021,01/03/2021,14:35:31,105,QUEENS,PATROL BORO QUEENS SOUTH,1062960,211157,75D,VISIBILITY PATROL: DIRECTED,Non CIP,01/03/2021 02:35:31 PM,01/03/2021 02:35:31 PM,01/03/2021 02:35:31 PM,01/03/2021 03:06:21 PM,40.745912,-73.715941
90139,74525385,01/27/2021,01/27/2021,07:45:05,105,QUEENS,PATROL BORO QUEENS SOUTH,1064899,206794,34Q6,ASSAULT (IN PROGRESS): OTHER/FAMILY,Serious,01/27/2021 07:45:05 AM,01/27/2021 07:45:29 AM,01/27/2021 07:55:34 AM,01/27/2021 10:54:42 AM,40.733919,-73.708996
87115,74506443,01/26/2021,01/26/2021,10:06:07,114,QUEENS,PATROL BORO QUEENS NORTH,1002090,221211,75F,VISIBILITY PATROL: FAMILY/HOME VISIT,Non CIP,01/26/2021 10:06:07 AM,01/26/2021 10:06:09 AM,01/26/2021 10:06:12 AM,01/26/2021 10:16:06 AM,40.77384,-73.935591
17327,74078202,01/06/2021,01/06/2021,02:07:53,111,QUEENS,PATROL BORO QUEENS NORTH,1047510,216004,11C4,ALARMS: COMMERCIAL/BURGLARY,Non CIP,01/06/2021 02:08:23 AM,01/06/2021 02:09:35 AM,,01/06/2021 02:12:26 AM,40.759339,-73.771654
57735,74323426,01/17/2021,01/17/2021,16:44:20,114,QUEENS,PATROL BORO QUEENS NORTH,1007938,217508,68Q1,SEE COMPLAINANT: OTHER/INSIDE,Non CIP,01/17/2021 04:44:20 PM,01/17/2021 04:44:20 PM,01/17/2021 04:44:20 PM,01/17/2021 04:57:04 PM,40.763662,-73.91449
38001,74202234,01/11/2021,01/11/2021,23:55:30,109,QUEENS,PATROL BORO QUEENS NORTH,1038966,215289,34Q6,ASSAULT (IN PROGRESS): OTHER/FAMILY,Serious,01/11/2021 11:55:30 PM,01/11/2021 11:56:38 PM,01/12/2021 12:00:17 AM,01/12/2021 07:33:08 AM,40.757434,-73.8025
69421,74395719,01/21/2021,01/21/2021,02:30:25,100,QUEENS,PATROL BORO QUEENS SOUTH,1030083,150788,68Q1,SEE COMPLAINANT: OTHER/INSIDE,Non CIP,01/21/2021 02:30:25 AM,01/21/2021 02:30:25 AM,01/21/2021 02:30:25 AM,01/21/2021 02:38:48 AM,40.580444,-73.835003
39923,74214132,01/12/2021,01/12/2021,14:57:34,105,QUEENS,PATROL BORO QUEENS SOUTH,1060101,208132,10Y3,INVESTIGATE/POSSIBLE CRIME: SERIOUS/OTHER,Non CIP,01/12/2021 02:57:34 PM,01/12/2021 02:59:09 PM,,01/12/2021 05:59:19 PM,40.737634,-73.726293
3426,73994710,01/01/2021,01/01/2021,23:01:34,109,QUEENS,PATROL BORO QUEENS NORTH,1030197,213404,10Y3,INVESTIGATE/POSSIBLE CRIME: SERIOUS/OTHER,Non CIP,01/01/2021 11:01:34 PM,01/01/2021 11:03:58 PM,01/02/2021 12:34:42 AM,01/02/2021 12:37:03 AM,40.75231,-73.834166
133,73974852,01/01/2021,01/01/2021,00:40:22,104,QUEENS,PATROL BORO QUEENS NORTH,1020119,202547,75D,VISIBILITY PATROL: DIRECTED,Non CIP,01/01/2021 12:40:22 AM,01/01/2021 12:40:23 AM,01/01/2021 12:40:23 AM,01/01/2021 12:40:30 AM,40.722557,-73.870598
32566,74168889,01/10/2021,01/10/2021,09:51:37,104,QUEENS,PATROL BORO QUEENS NORTH,1013036,194563,53S,VEHICLE ACCIDENT: SPECIAL CONDITION,Non CIP,01/10/2021 09:51:37 AM,01/10/2021 09:51:38 AM,01/10/2021 09:51:38 AM,01/10/2021 10:17:54 AM,40.700669,-73.896185
59796,74336234,01/18/2021,01/18/2021,09:16:40,115,QUEENS,PATROL BORO QUEENS NORTH,1022943,213919,11C4,ALARMS: COMMERCIAL/BURGLARY,Non CIP,01/18/2021 09:17:15 AM,01/18/2021 09:17:48 AM,01/18/2021 09:26:26 AM,01/18/2021 09:33:44 AM,40.753758,-73.860344
29670,74151184,01/09/2021,01/09/2021,13:10:36,100,QUEENS,PATROL BORO QUEENS SOUTH,1040078,154933,54E2,AMBULANCE CASE: EDP/OUTSIDE,Non CIP,01/09/2021 01:10:36 PM,01/09/2021 01:12:26 PM,,01/09/2021 01:30:34 PM,40.591764,-73.798987
34710,74181647,01/10/2021,01/10/2021,23:46:01,107,QUEENS,PATROL BORO QUEENS SOUTH,1042790,206238,54E1,AMBULANCE CASE: EDP/INSIDE,Non CIP,01/10/2021 11:46:02 PM,01/10/2021 11:48:00 PM,01/10/2021 11:51:56 PM,01/11/2021 12:09:05 AM,40.732567,-73.788776
50424,74278505,01/15/2021,01/15/2021,14:24:39,102,QUEENS,PATROL BORO QUEENS SOUTH,1027395,188961,53S,VEHICLE ACCIDENT: SPECIAL CONDITION,Non CIP,01/15/2021 02:24:39 PM,01/15/2021 02:45:28 PM,01/15/2021 03:01:25 PM,01/15/2021 03:21:06 PM,40.685234,-73.844435
72353,74414560,01/21/2021,01/21/2021,22:24:06,112,QUEENS,PATROL BORO QUEENS NORTH,1021156,202326,75D,VISIBILITY PATROL: DIRECTED,Non CIP,01/21/2021 10:24:06 PM,01/21/2021 10:24:06 PM,01/21/2021 10:24:06 PM,01/21/2021 10:52:41 PM,40.721946,-73.866858
24152,74118835,01/07/2021,01/07/2021,23:06:57,110,QUEENS,PATROL BORO QUEENS NORTH,1017678,208719,10F1,INVESTIGATE/POSSIBLE CRIME: FIREARM/INSIDE,Non CIP,01/07/2021 11:26:37 PM,01/07/2021 11:27:18 PM,,01/08/2021 12:13:16 AM,40.739507,-73.879373
60342,74339947,01/18/2021,01/18/2021,13:01:44,108,QUEENS,PATROL BORO QUEENS NORTH,999020,213710,75D,VISIBILITY PATROL: DIRECTED,Non CIP,01/18/2021 01:01:44 PM,01/18/2021 01:01:44 PM,01/18/2021 01:01:44 PM,01/18/2021 01:35:39 PM,40.753257,-73.946692
22,73974098,01/01/2021,01/01/2021,00:06:25,103,QUEENS,PATROL BORO QUEENS SOUTH,1049956,197039,10H1,INVESTIGATE/POSSIBLE CRIME: CALLS FOR HELP/INSIDE,Non CIP,01/01/2021 12:06:25 AM,01/01/2021 12:13:21 AM,,01/01/2021 12:47:12 AM,40.707268,-73.76301
56910,74318184,01/17/2021,01/17/2021,11:01:07,107,QUEENS,PATROL BORO QUEENS SOUTH,1042520,198695,11C4,ALARMS: COMMERCIAL/BURGLARY,Non CIP,01/17/2021 11:02:04 AM,01/17/2021 11:03:18 AM,01/17/2021 11:09:55 AM,01/17/2021 11:12:22 AM,40.711865,-73.789816
1169,73981398,01/01/2021,01/01/2021,08:04:21,103,QUEENS,PATROL BORO QUEENS SOUTH,1041142,193324,75C,COMMUNITY TIME,Non CIP,01/01/2021 08:04:21 AM,01/01/2021 08:04:23 AM,,01/01/2021 08:44:26 AM,40.697132,-73.794832
10394,74036641,01/04/2021,01/04/2021,03:10:46,113,QUEENS,PATROL BORO QUEENS SOUTH,1049150,195182,11C4,ALARMS: COMMERCIAL/BURGLARY,Non CIP,01/04/2021 03:11:07 AM,01/04/2021 03:12:03 AM,01/04/2021 03:17:18 AM,01/04/2021 03:25:54 AM,40.702176,-73.765935
46781,74255492,01/14/2021,01/14/2021,13:08:33,111,QUEENS,PATROL BORO QUEENS NORTH,1048860,218508,75D,VISIBILITY PATROL: DIRECTED,Non CIP,01/14/2021 01:08:33 PM,01/14/2021 01:08:33 PM,01/14/2021 01:08:33 PM,01/14/2021 01:25:08 PM,40.766203,-73.766757
70683,74404059,01/21/2021,01/21/2021,13:08:33,106,QUEENS,PATROL BORO QUEENS SOUTH,1037643,187516,52D6,DISPUTE: FAMILY,Non CIP,01/21/2021 01:08:33 PM,01/21/2021 01:22:17 PM,01/21/2021 01:29:54 PM,01/21/2021 01:56:23 PM,40.681212,-73.807496
24719,74122067,01/08/2021,01/08/2021,03:29:03,112,QUEENS,PATROL BORO QUEENS NORTH,1027121,201763,75D,VISIBILITY PATROL: DIRECTED,Non CIP,01/08/2021 03:29:03 AM,01/08/2021 03:29:03 AM,01/08/2021 03:29:03 AM,01/08/2021 03:56:18 AM,40.720374,-73.845342
83124,74480862,01/25/2021,01/25/2021,02:25:49,111,QUEENS,PATROL BORO QUEENS NORTH,1051228,209277,75D,VISIBILITY PATROL: DIRECTED,Non CIP,01/25/2021 02:25:49 AM,01/25/2021 02:25:49 AM,01/25/2021 02:25:49 AM,01/25/2021 03:19:35 AM,40.740848,-73.7583
54628,74303801,01/16/2021,01/16/2021,17:51:28,105,QUEENS,PATROL BORO QUEENS SOUTH,1059916,188450,10Y3,INVESTIGATE/POSSIBLE CRIME: SERIOUS/OTHER,Non CIP,01/16/2021 05:51:28 PM,01/16/2021 05:53:43 PM,01/16/2021 06:28:23 PM,01/16/2021 06:28:32 PM,40.683613,-73.727182
20856,74099374,01/07/2021,01/07/2021,01:28:42,102,QUEENS,PATROL BORO QUEENS SOUTH,1030899,192185,54E1,AMBULANCE CASE: EDP/INSIDE,Non CIP,01/07/2021 01:29:15 AM,01/07/2021 01:30:49 AM,,01/07/2021 01:42:11 AM,40.694065,-73.831779
85724,74497474,01/25/2021,01/25/2021,21:15:30,109,QUEENS,PATROL BORO QUEENS NORTH,1031061,219817,39Q1,OTHER CRIMES (IN PROGRESS): OTHER/INSIDE,Non Critical,01/25/2021 09:15:30 PM,01/25/2021 09:38:29 PM,01/25/2021 09:49:47 PM,01/25/2021 11:26:50 PM,40.769908,-73.831002
77568,74446838,01/23/2021,01/23/2021,12:36:52,109,QUEENS,PATROL BORO QUEENS NORTH,1031086,216637,50P1,DISORDERLY: PERSON/INSIDE,Non CIP,01/23/2021 12:36:52 PM,01/23/2021 12:39:17 PM,01/23/2021 12:53:18 PM,01/23/2021 01:01:37 PM,40.761179,-73.830934
12943,74052185,01/04/2021,01/04/2021,20:28:43,113,QUEENS,PATROL BORO QUEENS SOUTH,1053645,193640,54U1,AMBULANCE CASE: UNCONSCIOUS/INSIDE,Non CIP,01/04/2021 08:28:43 PM,01/04/2021 08:31:40 PM,01/04/2021 09:22:29 PM,01/05/2021 03:59:57 AM,40.69791,-73.749739
62634,74354296,01/19/2021,01/19/2021,06:07:02,104,QUEENS,PATROL BORO QUEENS NORTH,1007379,198109,31R,BURGLARY (IN PROGRESS): RESIDENCE,Critical,01/19/2021 06:07:02 AM,01/19/2021 06:07:32 AM,01/19/2021 06:11:09 AM,01/19/2021 08:15:51 AM,40.710418,-73.916575
64785,74367916,01/19/2021,01/19/2021,18:56:24,109,QUEENS,PATROL BORO QUEENS NORTH,1032744,216072,10H1,INVESTIGATE/POSSIBLE CRIME: CALLS FOR HELP/INSIDE,Non CIP,01/19/2021 06:56:24 PM,01/19/2021 07:13:18 PM,,01/19/2021 07:13:29 PM,40.759619,-73.824953
12223,74047878,01/04/2021,01/04/2021,16:40:20,106,QUEENS,PATROL BORO QUEENS SOUTH,1033064,182219,68Q1,SEE COMPLAINANT: OTHER/INSIDE,Non CIP,01/04/2021 04:40:20 PM,01/04/2021 05:03:12 PM,01/04/2021 05:24:56 PM,01/04/2021 05:25:02 PM,40.666699,-73.824044
31233,74161089,01/09/2021,01/09/2021,22:56:48,114,QUEENS,PATROL BORO QUEENS NORTH,1000362,215109,54E1,AMBULANCE CASE: EDP/INSIDE,Non CIP,01/09/2021 11:13:02 PM,01/09/2021 11:13:37 PM,,01/09/2021 11:20:52 PM,40.757095,-73.941844
89161,74519164,01/26/2021,01/26/2021,21:47:26,113,QUEENS,PATROL BORO QUEENS SOUTH,1046685,183779,34Q1,ASSAULT (IN PROGRESS): OTHER/INSIDE,Serious,01/26/2021 09:47:26 PM,01/26/2021 09:48:59 PM,,01/26/2021 10:18:11 PM,40.670896,-73.774931
7754,74020454,01/03/2021,01/03/2021,07:54:51,112,QUEENS,PATROL BORO QUEENS NORTH,1022416,205319,75D,VISIBILITY PATROL: DIRECTED,Non CIP,01/03/2021 07:54:51 AM,01/03/2021 07:54:51 AM,01/03/2021 07:54:51 AM,01/03/2021 08:00:41 AM,40.730156,-73.862295
81365,74469887,01/24/2021,01/24/2021,14:23:53,110,QUEENS,PATROL BORO QUEENS NORTH,1020170,206515,54S8,AMBULANCE CASE: SERIOUS/LTD ACC HWY,Non CIP,01/24/2021 02:23:53 PM,01/24/2021 02:29:56 PM,,01/24/2021 04:40:50 PM,40.733448,-73.870393
40079,74215050,01/12/2021,01/12/2021,15:53:39,113,QUEENS,PATROL BORO QUEENS SOUTH,1049494,188248,10V2,INVESTIGATE/POSSIBLE CRIME: SUSP VEHICLE/OUTSIDE,Non CIP,01/12/2021 03:53:39 PM,01/12/2021 04:24:02 PM,,01/12/2021 05:23:36 PM,40.683142,-73.764761
48398,74266026,01/14/2021,01/14/2021,22:25:12,113,QUEENS,PATROL BORO QUEENS SOUTH,1046410,189890,32Q2,LARCENY (IN PROGRESS): OTHER/OUTSIDE,Serious,01/14/2021 10:25:12 PM,01/14/2021 10:25:29 PM,01/14/2021 10:27:48 PM,01/14/2021 11:34:57 PM,40.687671,-73.775866
87336,74507899,01/26/2021,01/26/2021,11:28:20,101,QUEENS,PATROL BORO QUEENS SOUTH,1055036,158141,75D,VISIBILITY PATROL: DIRECTED,Non CIP,01/26/2021 11:28:20 AM,01/26/2021 11:28:21 AM,01/26/2021 11:28:23 AM,01/26/2021 11:35:01 AM,40.600462,-73.745095
9259,74029636,01/03/2021,01/03/2021,18:20:56,100,QUEENS,PATROL BORO QUEENS SOUTH,1027520,148742,75C,COMMUNITY TIME,Non CIP,01/03/2021 06:20:56 PM,01/03/2021 06:20:58 PM,01/03/2021 06:22:00 PM,01/03/2021 07:31:12 PM,40.574841,-73.844243
106528,74627777,01/31/2021,01/31/2021,21:55:28,110,QUEENS,PATROL BORO QUEENS NORTH,1015637,210604,10Y3,INVESTIGATE/POSSIBLE CRIME: SERIOUS/OTHER,Non CIP,01/31/2021 09:55:28 PM,01/31/2021 09:56:09 PM,,01/31/2021 10:43:18 PM,40.744688,-73.88673
67260,74382805,01/20/2021,01/20/2021,13:28:06,103,QUEENS,PATROL BORO QUEENS SOUTH,1035453,194512,53S8,VEHICLE ACCIDENT: SPECIAL CONDITION/LTD ACC HWY,Non CIP,01/20/2021 01:28:06 PM,01/20/2021 02:00:15 PM,,01/20/2021 03:44:00 PM,40.700427,-73.815339
67132,74382020,01/20/2021,01/20/2021,12:43:07,109,QUEENS,PATROL BORO QUEENS NORTH,1029733,219017,52D1,DISPUTE: INSIDE,Non CIP,01/20/2021 12:43:07 PM,01/20/2021 12:56:23 PM,01/20/2021 12:59:26 PM,01/20/2021 01:02:59 PM,40.767719,-73.835802
105566,74621954,01/31/2021,01/31/2021,16:30:48,114,QUEENS,PATROL BORO QUEENS NORTH,999530,214433,52D6,DISPUTE: FAMILY,Non CIP,01/31/2021 04:30:48 PM,01/31/2021 04:33:03 PM,01/31/2021 04:42:02 PM,01/31/2021 06:39:55 PM,40.755241,-73.944849
72469,74415324,01/21/2021,01/21/2021,23:25:55,112,QUEENS,PATROL BORO QUEENS NORTH,1024519,207205,39H2,OTHER CRIMES (IN PROGRESS): HARASSMENT/OUTSIDE,Non Critical,01/21/2021 11:25:55 PM,01/21/2021 11:26:16 PM,01/21/2021 11:35:44 PM,01/21/2021 11:37:53 PM,40.735323,-73.854696
37049,74196398,01/11/2021,01/11/2021,17:25:01,106,QUEENS,PATROL BORO QUEENS SOUTH,1027574,185104,10H1,INVESTIGATE/POSSIBLE CRIME: CALLS FOR HELP/INSIDE,Non CIP,01/11/2021 05:25:01 PM,01/11/2021 05:25:29 PM,01/11/2021 05:44:09 PM,01/11/2021 05:44:14 PM,40.674647,-73.843815
73379,74420853,01/22/2021,01/22/2021,08:17:40,114,QUEENS,PATROL BORO QUEENS NORTH,1006111,218824,75S,STATION INSPECTION BY TRANSIT BUREAU PERSONNEL,Non CIP,01/22/2021 08:17:40 AM,01/22/2021 08:17:40 AM,01/22/2021 08:17:40 AM,01/22/2021 08:28:29 AM,40.767279,-73.921081
73347,74420644,01/22/2021,01/22/2021,08:05:00,103,QUEENS,PATROL BORO QUEENS SOUTH,1038696,194535,11C4,ALARMS: COMMERCIAL/BURGLARY,Non CIP,01/22/2021 08:09:03 AM,01/22/2021 08:09:35 AM,,01/22/2021 09:15:49 AM,40.700471,-73.803643
79600,74459544,01/24/2021,01/24/2021,00:48:38,113,QUEENS,PATROL BORO QUEENS SOUTH,1044795,188802,52D6,DISPUTE: FAMILY,Non CIP,01/24/2021 12:48:38 AM,01/24/2021 12:50:34 AM,01/24/2021 12:52:59 AM,01/24/2021 01:21:00 AM,40.684696,-73.781699
14142,74059762,01/05/2021,01/05/2021,08:07:57,101,QUEENS,PATROL BORO QUEENS SOUTH,1052494,155223,75D,VISIBILITY PATROL: DIRECTED,Non CIP,01/05/2021 08:07:57 AM,01/05/2021 08:07:57 AM,01/05/2021 08:07:57 AM,01/05/2021 08:27:44 AM,40.592473,-73.754279
25455,74126445,01/08/2021,01/08/2021,09:58:54,112,QUEENS,PATROL BORO QUEENS NORTH,1023036,205756,75D,VISIBILITY PATROL: DIRECTED,Non CIP,01/08/2021 09:58:54 AM,01/08/2021 09:58:56 AM,01/08/2021 09:58:57 AM,01/08/2021 10:21:24 AM,40.731353,-73.860056
90029,74524539,01/27/2021,01/27/2021,06:02:16,108,QUEENS,PATROL BORO QUEENS NORTH,1001300,212423,75M,TRAIN RUN/MOBILE ORDER MAINTENANCE SWEEP,Non CIP,01/27/2021 06:02:16 AM,01/27/2021 06:02:16 AM,01/27/2021 06:02:16 AM,01/27/2021 06:23:30 AM,40.74972,-73.938466
91424,74533560,01/27/2021,01/27/2021,15:36:27,109,QUEENS,PATROL BORO QUEENS NORTH,1030306,220116,53S,VEHICLE ACCIDENT: SPECIAL CONDITION,Non CIP,01/27/2021 03:36:27 PM,01/27/2021 03:47:32 PM,01/27/2021 04:37:59 PM,01/27/2021 05:08:54 PM,40.770732,-73.833726
30244,74154650,01/09/2021,01/09/2021,16:42:06,109,QUEENS,PATROL BORO QUEENS NORTH,1039225,215263,68Q1,SEE COMPLAINANT: OTHER/INSIDE,Non CIP,01/09/2021 04:42:06 PM,01/09/2021 04:42:32 PM,,01/09/2021 07:18:37 PM,40.757361,-73.801566
87830,74510823,01/26/2021,01/26/2021,14:17:48,102,QUEENS,PATROL BORO QUEENS SOUTH,1034033,191267,52D1,DISPUTE: INSIDE,Non CIP,01/26/2021 02:17:49 PM,01/26/2021 02:50:01 PM,01/26/2021 03:22:49 PM,01/26/2021 03:48:24 PM,40.691529,-73.820484
44999,74244526,01/13/2021,01/13/2021,22:40:28,109,QUEENS,PATROL BORO QUEENS NORTH,1031345,224104,11C4,ALARMS: COMMERCIAL/BURGLARY,Non CIP,01/13/2021 10:40:42 PM,01/13/2021 10:52:33 PM,01/13/2021 10:58:42 PM,01/13/2021 11:04:50 PM,40.781673,-73.829947
53547,74297285,01/16/2021,01/16/2021,11:23:37,102,QUEENS,PATROL BORO QUEENS SOUTH,1030299,196819,54C3,AMBULANCE CASE: CARDIAC/CPR GIVEN,Non CIP,01/16/2021 11:23:37 AM,01/16/2021 11:47:23 AM,01/16/2021 11:58:33 AM,01/16/2021 06:50:46 PM,40.706788,-73.833911
48782,74268382,01/15/2021,01/15/2021,01:31:08,113,QUEENS,PATROL BORO QUEENS SOUTH,1042087,190443,54E1,AMBULANCE CASE: EDP/INSIDE,Non CIP,01/15/2021 01:31:08 AM,01/15/2021 01:32:05 AM,01/15/2021 01:34:39 AM,01/15/2021 02:04:40 AM,40.689218,-73.791449
31242,74161136,01/09/2021,01/09/2021,23:00:46,114,QUEENS,PATROL BORO QUEENS NORTH,999484,214810,75D,VISIBILITY PATROL: DIRECTED,Non CIP,01/09/2021 11:00:46 PM,01/09/2021 11:00:46 PM,01/09/2021 11:00:46 PM,01/09/2021 11:34:21 PM,40.756275,-73.945014
104438,74614555,01/31/2021,01/31/2021,08:42:43,109,QUEENS,PATROL BORO QUEENS NORTH,1029090,225201,75D,VISIBILITY PATROL: DIRECTED,Non CIP,01/31/2021 08:42:43 AM,01/31/2021 08:42:43 AM,01/31/2021 08:42:43 AM,01/31/2021 09:42:08 AM,40.784695,-73.838082
79890,74461245,01/24/2021,01/24/2021,02:39:34,103,QUEENS,PATROL BORO QUEENS SOUTH,1041687,193629,75D,VISIBILITY PATROL: DIRECTED,Non CIP,01/24/2021 02:39:34 AM,01/24/2021 02:39:34 AM,01/24/2021 02:39:34 AM,01/24/2021 02:53:22 AM,40.697965,-73.792864
69250,74394649,01/21/2021,01/21/2021,01:01:50,115,QUEENS,PATROL BORO QUEENS NORTH,1021881,215360,75D,VISIBILITY PATROL: DIRECTED,Non CIP,01/21/2021 01:01:50 AM,01/21/2021 01:01:51 AM,01/21/2021 01:01:51 AM,01/21/2021 01:25:35 AM,40.757718,-73.864169
100918,74593223,01/30/2021,01/30/2021,09:28:36,109,QUEENS,PATROL BORO QUEENS NORTH,1030928,217007,54E1,AMBULANCE CASE: EDP/INSIDE,Non CIP,01/30/2021 09:28:36 AM,01/30/2021 09:30:11 AM,01/30/2021 09:32:06 AM,01/30/2021 09:48:32 AM,40.762196,-73.831502
101338,74595902,01/30/2021,01/30/2021,12:23:48,115,QUEENS,PATROL BORO QUEENS NORTH,1016985,215099,22V2,LARCENY (PAST): VEHICLE/OUTSIDE,Non CIP,01/30/2021 12:23:48 PM,01/30/2021 12:24:42 PM,01/30/2021 12:36:27 PM,01/30/2021 02:27:04 PM,40.757021,-73.881843
103403,74608464,01/31/2021,01/31/2021,00:17:04,115,QUEENS,PATROL BORO QUEENS NORTH,1020277,215165,29H1,OTHER CRIMES (PAST): HARASSMENT/INSIDE,Non CIP,01/31/2021 12:17:04 AM,01/31/2021 12:18:22 AM,01/31/2021 12:19:54 AM,01/31/2021 12:40:55 AM,40.75719,-73.86996
21793,74104828,01/07/2021,01/07/2021,09:52:39,104,QUEENS,PATROL BORO QUEENS NORTH,1014566,192784,75D,VISIBILITY PATROL: DIRECTED,Non CIP,01/07/2021 09:52:39 AM,01/07/2021 09:52:39 AM,01/07/2021 09:52:39 AM,01/07/2021 10:02:09 AM,40.695781,-73.890675
37339,74198190,01/11/2021,01/11/2021,19:04:02,101,QUEENS,PATROL BORO QUEENS SOUTH,1053917,158965,68Q1,SEE COMPLAINANT: OTHER/INSIDE,Non CIP,01/11/2021 07:04:02 PM,01/11/2021 07:14:48 PM,01/11/2021 07:37:07 PM,01/11/2021 07:47:13 PM,40.602733,-73.749116
91492,74534043,01/27/2021,01/27/2021,16:02:37,114,QUEENS,PATROL BORO QUEENS NORTH,1005915,216280,32Q1,LARCENY (IN PROGRESS): OTHER/INSIDE,Serious,01/27/2021 04:02:37 PM,01/27/2021 04:04:18 PM,01/27/2021 04:11:21 PM,01/27/2021 04:43:34 PM,40.760297,-73.921797
96700,74566640,01/29/2021,01/29/2021,02:33:56,105,QUEENS,PATROL BORO QUEENS SOUTH,1053067,199671,11C4,ALARMS: COMMERCIAL/BURGLARY,Non CIP,01/29/2021 02:34:25 AM,01/29/2021 02:35:51 AM,01/29/2021 02:48:54 AM,01/29/2021 02:48:56 AM,40.714468,-73.751762
73182,74419573,01/22/2021,01/22/2021,06:03:15,100,QUEENS,PATROL BORO QUEENS SOUTH,1036299,153335,75B,BUS INVESTIGATION,Non CIP,01/22/2021 06:03:15 AM,01/22/2021 06:03:17 AM,,01/22/2021 06:03:24 AM,40.587401,-73.812606
7747,74020424,01/03/2021,01/03/2021,07:52:18,111,QUEENS,PATROL BORO QUEENS NORTH,1051788,211962,10Y3,INVESTIGATE/POSSIBLE CRIME: SERIOUS/OTHER,Non CIP,01/03/2021 07:52:18 AM,01/03/2021 07:53:29 AM,01/03/2021 08:12:19 AM,01/03/2021 08:12:27 AM,40.748214,-73.756252
16595,74074154,01/05/2021,01/05/2021,21:11:32,107,QUEENS,PATROL BORO QUEENS SOUTH,1041987,203771,75D,VISIBILITY PATROL: DIRECTED,Non CIP,01/05/2021 09:11:32 PM,01/05/2021 09:11:32 PM,01/05/2021 09:11:32 PM,01/05/2021 10:07:31 PM,40.725801,-73.791695
